<?xml version="1.0" encoding="UTF-8"?>
<!DOCTYPE mapper PUBLIC "-//mybatis.org//DTD Mapper 3.0//EN" "http://mybatis.org/dtd/mybatis-3-mapper.dtd">
<mapper namespace="com.songhaozhi.mayday.mapper.generator.CategoryMapper">
  <resultMap id="BaseResultMap" type="com.songhaozhi.mayday.model.domain.Category">
    <id column="category_id" jdbcType="INTEGER" property="categoryId" />
    <result column="category_name" jdbcType="VARCHAR" property="categoryName" />
    <result column="category_url" jdbcType="VARCHAR" property="categoryUrl" />
    <result column="category_describe" jdbcType="VARCHAR" property="categoryDescribe" />
  </resultMap>
  <sql id="Example_Where_Clause">
    <where>
      <foreach collection="oredCriteria" item="criteria" separator="or">
        <if test="criteria.valid">
          <trim prefix="(" prefixOverrides="and" suffix=")">
            <foreach collection="criteria.criteria" item="criterion">
              <choose>
                <when test="criterion.noValue">
                  and ${criterion.condition}
                </when>
                <when test="criterion.singleValue">
                  and ${criterion.condition} #{criterion.value}
                </when>
                <when test="criterion.betweenValue">
                  and ${criterion.condition} #{criterion.value} and #{criterion.secondValue}
                </when>
                <when test="criterion.listValue">
                  and ${criterion.condition}
                  <foreach close=")" collection="criterion.value" item="listItem" open="(" separator=",">
                    #{listItem}
                  </foreach>
                </when>
              </choose>
            </foreach>
          </trim>
        </if>
      </foreach>
    </where>
  </sql>
  <sql id="Update_By_Example_Where_Clause">
    <where>
      <foreach collection="example.oredCriteria" item="criteria" separator="or">
        <if test="criteria.valid">
          <trim prefix="(" prefixOverrides="and" suffix=")">
            <foreach collection="criteria.criteria" item="criterion">
              <choose>
                <when test="criterion.noValue">
                  and ${criterion.condition}
                </when>
                <when test="criterion.singleValue">
                  and ${criterion.condition} #{criterion.value}
                </when>
                <when test="criterion.betweenValue">
                  and ${criterion.condition} #{criterion.value} and #{criterion.secondValue}
                </when>
                <when test="criterion.listValue">
                  and ${criterion.condition}
                  <foreach close=")" collection="criterion.value" item="listItem" open="(" separator=",">
                    #{listItem}
                  </foreach>
                </when>
              </choose>
            </foreach>
          </trim>
        </if>
      </foreach>
    </where>
  </sql>
  <sql id="Base_Column_List">
    category_id, category_name, category_url, category_describe
  </sql>
  <select id="selectByExample" parameterType="com.songhaozhi.mayday.model.domain.CategoryExample" resultMap="BaseResultMap">
    select
    <if test="distinct">
      distinct
    </if>
    'true' as QUERYID,
    <include refid="Base_Column_List" />
    from mayday_category
    <if test="_parameter != null">
      <include refid="Example_Where_Clause" />
    </if>
    <if test="orderByClause != null">
      order by ${orderByClause}
    </if>
  </select>
  <select id="selectByPrimaryKey" parameterType="java.lang.Integer" resultMap="BaseResultMap">
    select 
    <include refid="Base_Column_List" />
    from mayday_category
    where category_id = #{categoryId,jdbcType=INTEGER}
  </select>
  <delete id="deleteByPrimaryKey" parameterType="java.lang.Integer">
    delete from mayday_category
    where category_id = #{categoryId,jdbcType=INTEGER}
  </delete>
  <delete id="deleteByExample" parameterType="com.songhaozhi.mayday.model.domain.CategoryExample">
    delete from mayday_category
    <if test="_parameter != null">
      <include refid="Example_Where_Clause" />
    </if>
  </delete>
  <insert id="insert" parameterType="com.songhaozhi.mayday.model.domain.Category">
    insert into mayday_category (category_id, category_name, category_url, 
      category_describe)
    values (#{categoryId,jdbcType=INTEGER}, #{categoryName,jdbcType=VARCHAR}, #{categoryUrl,jdbcType=VARCHAR}, 
      #{categoryDescribe,jdbcType=VARCHAR})
  </insert>
  <insert id="insertSelective" parameterType="com.songhaozhi.mayday.model.domain.Category">
    insert into mayday_category
    <trim prefix="(" suffix=")" suffixOverrides=",">
      <if test="categoryId != null">
        category_id,
      </if>
      <if test="categoryName != null">
        category_name,
      </if>
      <if test="categoryUrl != null">
        category_url,
      </if>
      <if test="categoryDescribe != null">
        category_describe,
      </if>
    </trim>
    <trim prefix="values (" suffix=")" suffixOverrides=",">
      <if test="categoryId != null">
        #{categoryId,jdbcType=INTEGER},
      </if>
      <if test="categoryName != null">
        #{categoryName,jdbcType=VARCHAR},
      </if>
      <if test="categoryUrl != null">
        #{categoryUrl,jdbcType=VARCHAR},
      </if>
      <if test="categoryDescribe != null">
        #{categoryDescribe,jdbcType=VARCHAR},
      </if>
    </trim>
  </insert>
  <select id="countByExample" parameterType="com.songhaozhi.mayday.model.domain.CategoryExample" resultType="java.lang.Long">
    select count(*) from mayday_category
    <if test="_parameter != null">
      <include refid="Example_Where_Clause" />
    </if>
  </select>
  <update id="updateByExampleSelective" parameterType="map">
    update mayday_category
    <set>
      <if test="record.categoryId != null">
        category_id = #{record.categoryId,jdbcType=INTEGER},
      </if>
      <if test="record.categoryName != null">
        category_name = #{record.categoryName,jdbcType=VARCHAR},
      </if>
      <if test="record.categoryUrl != null">
        category_url = #{record.categoryUrl,jdbcType=VARCHAR},
      </if>
      <if test="record.categoryDescribe != null">
        category_describe = #{record.categoryDescribe,jdbcType=VARCHAR},
      </if>
    </set>
    <if test="_parameter != null">
      <include refid="Update_By_Example_Where_Clause" />
    </if>
  </update>
  <update id="updateByExample" parameterType="map">
    update mayday_category
    set category_id = #{record.categoryId,jdbcType=INTEGER},
      category_name = #{record.categoryName,jdbcType=VARCHAR},
      category_url = #{record.categoryUrl,jdbcType=VARCHAR},
      category_describe = #{record.categoryDescribe,jdbcType=VARCHAR}
    <if test="_parameter != null">
      <include refid="Update_By_Example_Where_Clause" />
    </if>
  </update>
  <update id="updateByPrimaryKeySelective" parameterType="com.songhaozhi.mayday.model.domain.Category">
    update mayday_category
    <set>
      <if test="categoryName != null">
        category_name = #{categoryName,jdbcType=VARCHAR},
      </if>
      <if test="categoryUrl != null">
        category_url = #{categoryUrl,jdbcType=VARCHAR},
      </if>
      <if test="categoryDescribe != null">
        category_describe = #{categoryDescribe,jdbcType=VARCHAR},
      </if>
    </set>
    where category_id = #{categoryId,jdbcType=INTEGER}
  </update>
  <update id="updateByPrimaryKey" parameterType="com.songhaozhi.mayday.model.domain.Category">
    update mayday_category
    set category_name = #{categoryName,jdbcType=VARCHAR},
      category_url = #{categoryUrl,jdbcType=VARCHAR},
      category_describe = #{categoryDescribe,jdbcType=VARCHAR}
    where category_id = #{categoryId,jdbcType=INTEGER}
  </update>
</mapper>