<?xml version="1.0" encoding="UTF-8"?>
<!DOCTYPE mapper PUBLIC "-//mybatis.org//DTD Mapper 3.0//EN" "http://mybatis.org/dtd/mybatis-3-mapper.dtd">
<mapper namespace="com.songhaozhi.mayday.mapper.generator.LogMapper">
  <resultMap id="BaseResultMap" type="com.songhaozhi.mayday.model.domain.Log">
    <id column="log_id" jdbcType="INTEGER" property="logId" />
    <result column="log_title" jdbcType="VARCHAR" property="logTitle" />
    <result column="log_content" jdbcType="VARCHAR" property="logContent" />
    <result column="log_ip" jdbcType="VARCHAR" property="logIp" />
    <result column="log_date" jdbcType="TIMESTAMP" property="logDate" />
  </resultMap>
  <sql id="Example_Where_Clause">
    <where>
      <foreach collection="oredCriteria" item="criteria" separator="or">
        <if test="criteria.valid">
          <trim prefix="(" prefixOverrides="and" suffix=")">
            <foreach collection="criteria.criteria" item="criterion">
              <choose>
                <when test="criterion.noValue">
                  and ${criterion.condition}
                </when>
                <when test="criterion.singleValue">
                  and ${criterion.condition} #{criterion.value}
                </when>
                <when test="criterion.betweenValue">
                  and ${criterion.condition} #{criterion.value} and #{criterion.secondValue}
                </when>
                <when test="criterion.listValue">
                  and ${criterion.condition}
                  <foreach close=")" collection="criterion.value" item="listItem" open="(" separator=",">
                    #{listItem}
                  </foreach>
                </when>
              </choose>
            </foreach>
          </trim>
        </if>
      </foreach>
    </where>
  </sql>
  <sql id="Update_By_Example_Where_Clause">
    <where>
      <foreach collection="example.oredCriteria" item="criteria" separator="or">
        <if test="criteria.valid">
          <trim prefix="(" prefixOverrides="and" suffix=")">
            <foreach collection="criteria.criteria" item="criterion">
              <choose>
                <when test="criterion.noValue">
                  and ${criterion.condition}
                </when>
                <when test="criterion.singleValue">
                  and ${criterion.condition} #{criterion.value}
                </when>
                <when test="criterion.betweenValue">
                  and ${criterion.condition} #{criterion.value} and #{criterion.secondValue}
                </when>
                <when test="criterion.listValue">
                  and ${criterion.condition}
                  <foreach close=")" collection="criterion.value" item="listItem" open="(" separator=",">
                    #{listItem}
                  </foreach>
                </when>
              </choose>
            </foreach>
          </trim>
        </if>
      </foreach>
    </where>
  </sql>
  <sql id="Base_Column_List">
    log_id, log_title, log_content, log_ip, log_date
  </sql>
  <select id="selectByExample" parameterType="com.songhaozhi.mayday.model.domain.LogExample" resultMap="BaseResultMap">
    select
    <if test="distinct">
      distinct
    </if>
    'true' as QUERYID,
    <include refid="Base_Column_List" />
    from mayday_logs
    <if test="_parameter != null">
      <include refid="Example_Where_Clause" />
    </if>
    <if test="orderByClause != null">
      order by ${orderByClause}
    </if>
  </select>
  <select id="selectByPrimaryKey" parameterType="java.lang.Integer" resultMap="BaseResultMap">
    select 
    <include refid="Base_Column_List" />
    from mayday_logs
    where log_id = #{logId,jdbcType=INTEGER}
  </select>
  <delete id="deleteByPrimaryKey" parameterType="java.lang.Integer">
    delete from mayday_logs
    where log_id = #{logId,jdbcType=INTEGER}
  </delete>
  <delete id="deleteByExample" parameterType="com.songhaozhi.mayday.model.domain.LogExample">
    delete from mayday_logs
    <if test="_parameter != null">
      <include refid="Example_Where_Clause" />
    </if>
  </delete>
  <insert id="insert" parameterType="com.songhaozhi.mayday.model.domain.Log">
    insert into mayday_logs (log_id, log_title, log_content, 
      log_ip, log_date)
    values (#{logId,jdbcType=INTEGER}, #{logTitle,jdbcType=VARCHAR}, #{logContent,jdbcType=VARCHAR}, 
      #{logIp,jdbcType=VARCHAR}, #{logDate,jdbcType=TIMESTAMP})
  </insert>
  <insert id="insertSelective" parameterType="com.songhaozhi.mayday.model.domain.Log">
    insert into mayday_logs
    <trim prefix="(" suffix=")" suffixOverrides=",">
      <if test="logId != null">
        log_id,
      </if>
      <if test="logTitle != null">
        log_title,
      </if>
      <if test="logContent != null">
        log_content,
      </if>
      <if test="logIp != null">
        log_ip,
      </if>
      <if test="logDate != null">
        log_date,
      </if>
    </trim>
    <trim prefix="values (" suffix=")" suffixOverrides=",">
      <if test="logId != null">
        #{logId,jdbcType=INTEGER},
      </if>
      <if test="logTitle != null">
        #{logTitle,jdbcType=VARCHAR},
      </if>
      <if test="logContent != null">
        #{logContent,jdbcType=VARCHAR},
      </if>
      <if test="logIp != null">
        #{logIp,jdbcType=VARCHAR},
      </if>
      <if test="logDate != null">
        #{logDate,jdbcType=TIMESTAMP},
      </if>
    </trim>
  </insert>
  <select id="countByExample" parameterType="com.songhaozhi.mayday.model.domain.LogExample" resultType="java.lang.Long">
    select count(*) from mayday_logs
    <if test="_parameter != null">
      <include refid="Example_Where_Clause" />
    </if>
  </select>
  <update id="updateByExampleSelective" parameterType="map">
    update mayday_logs
    <set>
      <if test="record.logId != null">
        log_id = #{record.logId,jdbcType=INTEGER},
      </if>
      <if test="record.logTitle != null">
        log_title = #{record.logTitle,jdbcType=VARCHAR},
      </if>
      <if test="record.logContent != null">
        log_content = #{record.logContent,jdbcType=VARCHAR},
      </if>
      <if test="record.logIp != null">
        log_ip = #{record.logIp,jdbcType=VARCHAR},
      </if>
      <if test="record.logDate != null">
        log_date = #{record.logDate,jdbcType=TIMESTAMP},
      </if>
    </set>
    <if test="_parameter != null">
      <include refid="Update_By_Example_Where_Clause" />
    </if>
  </update>
  <update id="updateByExample" parameterType="map">
    update mayday_logs
    set log_id = #{record.logId,jdbcType=INTEGER},
      log_title = #{record.logTitle,jdbcType=VARCHAR},
      log_content = #{record.logContent,jdbcType=VARCHAR},
      log_ip = #{record.logIp,jdbcType=VARCHAR},
      log_date = #{record.logDate,jdbcType=TIMESTAMP}
    <if test="_parameter != null">
      <include refid="Update_By_Example_Where_Clause" />
    </if>
  </update>
  <update id="updateByPrimaryKeySelective" parameterType="com.songhaozhi.mayday.model.domain.Log">
    update mayday_logs
    <set>
      <if test="logTitle != null">
        log_title = #{logTitle,jdbcType=VARCHAR},
      </if>
      <if test="logContent != null">
        log_content = #{logContent,jdbcType=VARCHAR},
      </if>
      <if test="logIp != null">
        log_ip = #{logIp,jdbcType=VARCHAR},
      </if>
      <if test="logDate != null">
        log_date = #{logDate,jdbcType=TIMESTAMP},
      </if>
    </set>
    where log_id = #{logId,jdbcType=INTEGER}
  </update>
  <update id="updateByPrimaryKey" parameterType="com.songhaozhi.mayday.model.domain.Log">
    update mayday_logs
    set log_title = #{logTitle,jdbcType=VARCHAR},
      log_content = #{logContent,jdbcType=VARCHAR},
      log_ip = #{logIp,jdbcType=VARCHAR},
      log_date = #{logDate,jdbcType=TIMESTAMP}
    where log_id = #{logId,jdbcType=INTEGER}
  </update>
</mapper>