<?xml version="1.0" encoding="UTF-8"?>
<!DOCTYPE mapper PUBLIC "-//mybatis.org//DTD Mapper 3.0//EN" "http://mybatis.org/dtd/mybatis-3-mapper.dtd">
<mapper namespace="com.songhaozhi.mayday.mapper.generator.MenuMapper">
  <resultMap id="BaseResultMap" type="com.songhaozhi.mayday.model.domain.Menu">
    <id column="menu_id" jdbcType="INTEGER" property="menuId" />
    <result column="menu_icon" jdbcType="VARCHAR" property="menuIcon" />
    <result column="menu_name" jdbcType="VARCHAR" property="menuName" />
    <result column="menu_sort" jdbcType="INTEGER" property="menuSort" />
    <result column="menu_target" jdbcType="VARCHAR" property="menuTarget" />
    <result column="menu_url" jdbcType="VARCHAR" property="menuUrl" />
  </resultMap>
  <sql id="Example_Where_Clause">
    <where>
      <foreach collection="oredCriteria" item="criteria" separator="or">
        <if test="criteria.valid">
          <trim prefix="(" prefixOverrides="and" suffix=")">
            <foreach collection="criteria.criteria" item="criterion">
              <choose>
                <when test="criterion.noValue">
                  and ${criterion.condition}
                </when>
                <when test="criterion.singleValue">
                  and ${criterion.condition} #{criterion.value}
                </when>
                <when test="criterion.betweenValue">
                  and ${criterion.condition} #{criterion.value} and #{criterion.secondValue}
                </when>
                <when test="criterion.listValue">
                  and ${criterion.condition}
                  <foreach close=")" collection="criterion.value" item="listItem" open="(" separator=",">
                    #{listItem}
                  </foreach>
                </when>
              </choose>
            </foreach>
          </trim>
        </if>
      </foreach>
    </where>
  </sql>
  <sql id="Update_By_Example_Where_Clause">
    <where>
      <foreach collection="example.oredCriteria" item="criteria" separator="or">
        <if test="criteria.valid">
          <trim prefix="(" prefixOverrides="and" suffix=")">
            <foreach collection="criteria.criteria" item="criterion">
              <choose>
                <when test="criterion.noValue">
                  and ${criterion.condition}
                </when>
                <when test="criterion.singleValue">
                  and ${criterion.condition} #{criterion.value}
                </when>
                <when test="criterion.betweenValue">
                  and ${criterion.condition} #{criterion.value} and #{criterion.secondValue}
                </when>
                <when test="criterion.listValue">
                  and ${criterion.condition}
                  <foreach close=")" collection="criterion.value" item="listItem" open="(" separator=",">
                    #{listItem}
                  </foreach>
                </when>
              </choose>
            </foreach>
          </trim>
        </if>
      </foreach>
    </where>
  </sql>
  <sql id="Base_Column_List">
    menu_id, menu_icon, menu_name, menu_sort, menu_target, menu_url
  </sql>
  <select id="selectByExample" parameterType="com.songhaozhi.mayday.model.domain.MenuExample" resultMap="BaseResultMap">
    select
    <if test="distinct">
      distinct
    </if>
    'true' as QUERYID,
    <include refid="Base_Column_List" />
    from mayday_menu
    <if test="_parameter != null">
      <include refid="Example_Where_Clause" />
    </if>
    <if test="orderByClause != null">
      order by ${orderByClause}
    </if>
  </select>
  <select id="selectByPrimaryKey" parameterType="java.lang.Integer" resultMap="BaseResultMap">
    select 
    <include refid="Base_Column_List" />
    from mayday_menu
    where menu_id = #{menuId,jdbcType=INTEGER}
  </select>
  <delete id="deleteByPrimaryKey" parameterType="java.lang.Integer">
    delete from mayday_menu
    where menu_id = #{menuId,jdbcType=INTEGER}
  </delete>
  <delete id="deleteByExample" parameterType="com.songhaozhi.mayday.model.domain.MenuExample">
    delete from mayday_menu
    <if test="_parameter != null">
      <include refid="Example_Where_Clause" />
    </if>
  </delete>
  <insert id="insert" parameterType="com.songhaozhi.mayday.model.domain.Menu">
    insert into mayday_menu (menu_id, menu_icon, menu_name, 
      menu_sort, menu_target, menu_url
      )
    values (#{menuId,jdbcType=INTEGER}, #{menuIcon,jdbcType=VARCHAR}, #{menuName,jdbcType=VARCHAR}, 
      #{menuSort,jdbcType=INTEGER}, #{menuTarget,jdbcType=VARCHAR}, #{menuUrl,jdbcType=VARCHAR}
      )
  </insert>
  <insert id="insertSelective" parameterType="com.songhaozhi.mayday.model.domain.Menu">
    insert into mayday_menu
    <trim prefix="(" suffix=")" suffixOverrides=",">
      <if test="menuId != null">
        menu_id,
      </if>
      <if test="menuIcon != null">
        menu_icon,
      </if>
      <if test="menuName != null">
        menu_name,
      </if>
      <if test="menuSort != null">
        menu_sort,
      </if>
      <if test="menuTarget != null">
        menu_target,
      </if>
      <if test="menuUrl != null">
        menu_url,
      </if>
    </trim>
    <trim prefix="values (" suffix=")" suffixOverrides=",">
      <if test="menuId != null">
        #{menuId,jdbcType=INTEGER},
      </if>
      <if test="menuIcon != null">
        #{menuIcon,jdbcType=VARCHAR},
      </if>
      <if test="menuName != null">
        #{menuName,jdbcType=VARCHAR},
      </if>
      <if test="menuSort != null">
        #{menuSort,jdbcType=INTEGER},
      </if>
      <if test="menuTarget != null">
        #{menuTarget,jdbcType=VARCHAR},
      </if>
      <if test="menuUrl != null">
        #{menuUrl,jdbcType=VARCHAR},
      </if>
    </trim>
  </insert>
  <select id="countByExample" parameterType="com.songhaozhi.mayday.model.domain.MenuExample" resultType="java.lang.Long">
    select count(*) from mayday_menu
    <if test="_parameter != null">
      <include refid="Example_Where_Clause" />
    </if>
  </select>
  <update id="updateByExampleSelective" parameterType="map">
    update mayday_menu
    <set>
      <if test="record.menuId != null">
        menu_id = #{record.menuId,jdbcType=INTEGER},
      </if>
      <if test="record.menuIcon != null">
        menu_icon = #{record.menuIcon,jdbcType=VARCHAR},
      </if>
      <if test="record.menuName != null">
        menu_name = #{record.menuName,jdbcType=VARCHAR},
      </if>
      <if test="record.menuSort != null">
        menu_sort = #{record.menuSort,jdbcType=INTEGER},
      </if>
      <if test="record.menuTarget != null">
        menu_target = #{record.menuTarget,jdbcType=VARCHAR},
      </if>
      <if test="record.menuUrl != null">
        menu_url = #{record.menuUrl,jdbcType=VARCHAR},
      </if>
    </set>
    <if test="_parameter != null">
      <include refid="Update_By_Example_Where_Clause" />
    </if>
  </update>
  <update id="updateByExample" parameterType="map">
    update mayday_menu
    set menu_id = #{record.menuId,jdbcType=INTEGER},
      menu_icon = #{record.menuIcon,jdbcType=VARCHAR},
      menu_name = #{record.menuName,jdbcType=VARCHAR},
      menu_sort = #{record.menuSort,jdbcType=INTEGER},
      menu_target = #{record.menuTarget,jdbcType=VARCHAR},
      menu_url = #{record.menuUrl,jdbcType=VARCHAR}
    <if test="_parameter != null">
      <include refid="Update_By_Example_Where_Clause" />
    </if>
  </update>
  <update id="updateByPrimaryKeySelective" parameterType="com.songhaozhi.mayday.model.domain.Menu">
    update mayday_menu
    <set>
      <if test="menuIcon != null">
        menu_icon = #{menuIcon,jdbcType=VARCHAR},
      </if>
      <if test="menuName != null">
        menu_name = #{menuName,jdbcType=VARCHAR},
      </if>
      <if test="menuSort != null">
        menu_sort = #{menuSort,jdbcType=INTEGER},
      </if>
      <if test="menuTarget != null">
        menu_target = #{menuTarget,jdbcType=VARCHAR},
      </if>
      <if test="menuUrl != null">
        menu_url = #{menuUrl,jdbcType=VARCHAR},
      </if>
    </set>
    where menu_id = #{menuId,jdbcType=INTEGER}
  </update>
  <update id="updateByPrimaryKey" parameterType="com.songhaozhi.mayday.model.domain.Menu">
    update mayday_menu
    set menu_icon = #{menuIcon,jdbcType=VARCHAR},
      menu_name = #{menuName,jdbcType=VARCHAR},
      menu_sort = #{menuSort,jdbcType=INTEGER},
      menu_target = #{menuTarget,jdbcType=VARCHAR},
      menu_url = #{menuUrl,jdbcType=VARCHAR}
    where menu_id = #{menuId,jdbcType=INTEGER}
  </update>
</mapper>