<?xml version="1.0" encoding="UTF-8"?>
<!DOCTYPE mapper PUBLIC "-//mybatis.org//DTD Mapper 3.0//EN" "http://mybatis.org/dtd/mybatis-3-mapper.dtd">
<mapper namespace="com.songhaozhi.mayday.mapper.generator.ThemeMapper">
  <resultMap id="BaseResultMap" type="com.songhaozhi.mayday.model.domain.Theme">
    <id column="id" jdbcType="INTEGER" property="id" />
    <result column="theme_name" jdbcType="VARCHAR" property="themeName" />
    <result column="theme_describe" jdbcType="VARCHAR" property="themeDescribe" />
    <result column="theme_img" jdbcType="VARCHAR" property="themeImg" />
    <result column="theme_status" jdbcType="INTEGER" property="themeStatus" />
    <result column="create_time" jdbcType="TIMESTAMP" property="createTime" />
  </resultMap>
  <sql id="Example_Where_Clause">
    <where>
      <foreach collection="oredCriteria" item="criteria" separator="or">
        <if test="criteria.valid">
          <trim prefix="(" prefixOverrides="and" suffix=")">
            <foreach collection="criteria.criteria" item="criterion">
              <choose>
                <when test="criterion.noValue">
                  and ${criterion.condition}
                </when>
                <when test="criterion.singleValue">
                  and ${criterion.condition} #{criterion.value}
                </when>
                <when test="criterion.betweenValue">
                  and ${criterion.condition} #{criterion.value} and #{criterion.secondValue}
                </when>
                <when test="criterion.listValue">
                  and ${criterion.condition}
                  <foreach close=")" collection="criterion.value" item="listItem" open="(" separator=",">
                    #{listItem}
                  </foreach>
                </when>
              </choose>
            </foreach>
          </trim>
        </if>
      </foreach>
    </where>
  </sql>
  <sql id="Update_By_Example_Where_Clause">
    <where>
      <foreach collection="example.oredCriteria" item="criteria" separator="or">
        <if test="criteria.valid">
          <trim prefix="(" prefixOverrides="and" suffix=")">
            <foreach collection="criteria.criteria" item="criterion">
              <choose>
                <when test="criterion.noValue">
                  and ${criterion.condition}
                </when>
                <when test="criterion.singleValue">
                  and ${criterion.condition} #{criterion.value}
                </when>
                <when test="criterion.betweenValue">
                  and ${criterion.condition} #{criterion.value} and #{criterion.secondValue}
                </when>
                <when test="criterion.listValue">
                  and ${criterion.condition}
                  <foreach close=")" collection="criterion.value" item="listItem" open="(" separator=",">
                    #{listItem}
                  </foreach>
                </when>
              </choose>
            </foreach>
          </trim>
        </if>
      </foreach>
    </where>
  </sql>
  <sql id="Base_Column_List">
    id, theme_name, theme_describe, theme_img, theme_status, create_time
  </sql>
  <select id="selectByExample" parameterType="com.songhaozhi.mayday.model.domain.ThemeExample" resultMap="BaseResultMap">
    select
    <if test="distinct">
      distinct
    </if>
    'true' as QUERYID,
    <include refid="Base_Column_List" />
    from mayday_theme
    <if test="_parameter != null">
      <include refid="Example_Where_Clause" />
    </if>
    <if test="orderByClause != null">
      order by ${orderByClause}
    </if>
  </select>
  <select id="selectByPrimaryKey" parameterType="java.lang.Integer" resultMap="BaseResultMap">
    select 
    <include refid="Base_Column_List" />
    from mayday_theme
    where id = #{id,jdbcType=INTEGER}
  </select>
  <delete id="deleteByPrimaryKey" parameterType="java.lang.Integer">
    delete from mayday_theme
    where id = #{id,jdbcType=INTEGER}
  </delete>
  <delete id="deleteByExample" parameterType="com.songhaozhi.mayday.model.domain.ThemeExample">
    delete from mayday_theme
    <if test="_parameter != null">
      <include refid="Example_Where_Clause" />
    </if>
  </delete>
  <insert id="insert" parameterType="com.songhaozhi.mayday.model.domain.Theme">
    insert into mayday_theme (id, theme_name, theme_describe, 
      theme_img, theme_status, create_time
      )
    values (#{id,jdbcType=INTEGER}, #{themeName,jdbcType=VARCHAR}, #{themeDescribe,jdbcType=VARCHAR}, 
      #{themeImg,jdbcType=VARCHAR}, #{themeStatus,jdbcType=INTEGER}, #{createTime,jdbcType=TIMESTAMP}
      )
  </insert>
  <insert id="insertSelective" parameterType="com.songhaozhi.mayday.model.domain.Theme">
    insert into mayday_theme
    <trim prefix="(" suffix=")" suffixOverrides=",">
      <if test="id != null">
        id,
      </if>
      <if test="themeName != null">
        theme_name,
      </if>
      <if test="themeDescribe != null">
        theme_describe,
      </if>
      <if test="themeImg != null">
        theme_img,
      </if>
      <if test="themeStatus != null">
        theme_status,
      </if>
      <if test="createTime != null">
        create_time,
      </if>
    </trim>
    <trim prefix="values (" suffix=")" suffixOverrides=",">
      <if test="id != null">
        #{id,jdbcType=INTEGER},
      </if>
      <if test="themeName != null">
        #{themeName,jdbcType=VARCHAR},
      </if>
      <if test="themeDescribe != null">
        #{themeDescribe,jdbcType=VARCHAR},
      </if>
      <if test="themeImg != null">
        #{themeImg,jdbcType=VARCHAR},
      </if>
      <if test="themeStatus != null">
        #{themeStatus,jdbcType=INTEGER},
      </if>
      <if test="createTime != null">
        #{createTime,jdbcType=TIMESTAMP},
      </if>
    </trim>
  </insert>
  <select id="countByExample" parameterType="com.songhaozhi.mayday.model.domain.ThemeExample" resultType="java.lang.Long">
    select count(*) from mayday_theme
    <if test="_parameter != null">
      <include refid="Example_Where_Clause" />
    </if>
  </select>
  <update id="updateByExampleSelective" parameterType="map">
    update mayday_theme
    <set>
      <if test="record.id != null">
        id = #{record.id,jdbcType=INTEGER},
      </if>
      <if test="record.themeName != null">
        theme_name = #{record.themeName,jdbcType=VARCHAR},
      </if>
      <if test="record.themeDescribe != null">
        theme_describe = #{record.themeDescribe,jdbcType=VARCHAR},
      </if>
      <if test="record.themeImg != null">
        theme_img = #{record.themeImg,jdbcType=VARCHAR},
      </if>
      <if test="record.themeStatus != null">
        theme_status = #{record.themeStatus,jdbcType=INTEGER},
      </if>
      <if test="record.createTime != null">
        create_time = #{record.createTime,jdbcType=TIMESTAMP},
      </if>
    </set>
    <if test="_parameter != null">
      <include refid="Update_By_Example_Where_Clause" />
    </if>
  </update>
  <update id="updateByExample" parameterType="map">
    update mayday_theme
    set id = #{record.id,jdbcType=INTEGER},
      theme_name = #{record.themeName,jdbcType=VARCHAR},
      theme_describe = #{record.themeDescribe,jdbcType=VARCHAR},
      theme_img = #{record.themeImg,jdbcType=VARCHAR},
      theme_status = #{record.themeStatus,jdbcType=INTEGER},
      create_time = #{record.createTime,jdbcType=TIMESTAMP}
    <if test="_parameter != null">
      <include refid="Update_By_Example_Where_Clause" />
    </if>
  </update>
  <update id="updateByPrimaryKeySelective" parameterType="com.songhaozhi.mayday.model.domain.Theme">
    update mayday_theme
    <set>
      <if test="themeName != null">
        theme_name = #{themeName,jdbcType=VARCHAR},
      </if>
      <if test="themeDescribe != null">
        theme_describe = #{themeDescribe,jdbcType=VARCHAR},
      </if>
      <if test="themeImg != null">
        theme_img = #{themeImg,jdbcType=VARCHAR},
      </if>
      <if test="themeStatus != null">
        theme_status = #{themeStatus,jdbcType=INTEGER},
      </if>
      <if test="createTime != null">
        create_time = #{createTime,jdbcType=TIMESTAMP},
      </if>
    </set>
    where id = #{id,jdbcType=INTEGER}
  </update>
  <update id="updateByPrimaryKey" parameterType="com.songhaozhi.mayday.model.domain.Theme">
    update mayday_theme
    set theme_name = #{themeName,jdbcType=VARCHAR},
      theme_describe = #{themeDescribe,jdbcType=VARCHAR},
      theme_img = #{themeImg,jdbcType=VARCHAR},
      theme_status = #{themeStatus,jdbcType=INTEGER},
      create_time = #{createTime,jdbcType=TIMESTAMP}
    where id = #{id,jdbcType=INTEGER}
  </update>
</mapper>